{"cameraMode":{"drawMode":0,"name":"Shaded","section":"Shading Mode"},"sceneLighting":false,"audioPlay":false,"sceneViewState":{"m_AlwaysRefresh":false,"showFog":true,"showSkybox":false,"showFlares":true,"showImageEffects":true,"showParticleSystems":true,"showVisualEffectGraphs":true,"m_FxEnabled":true},"in2DMode":false,"pivot":{"x":-0.10220900177955628,"y":0.6561939716339111,"z":-1.2466543912887574},"rotation":{"x":0.02814057096838951,"y":0.9627613425254822,"z":-0.24512581527233125,"w":0.11052629351615906},"size":3.063499927520752,"orthographic":false}